1,Men’s Sweater
2,Men’s Shirt
3,Men’s Jeans
4,Men’s Gloves
5,Men’s Cap
6,Men’s Suit
7,Men’s Hawaiian shirt
8,Men’s Singlet
9,Men’s Business shoes
10,Men’s Flip flops
11,Men’s Shorts
12,Men’s Cardigan
13,Men’s Jacket
14,Men’s Sport shoes
15,Men’s Bow tie
16,Men’s Sleeveless shirt
17,Men’s Vest
18,Men’s Long-sleeve top
19,Men’s Polo shirt
20,Men’s Jumper
21,Men’s Trench coat
22,Men’s Bathrobe
23,Men’s Cargo pants
24,Men’s Swimsuit
25,Men’s Blazer
26,Men’s T-shirt
27,Men’s Belt
28,Men’s Underpants
29,Men’s Waistcoat
30,Men’s Socks
31,Men’s Tie
32,Men’s Pullover
33,Men’s Umbrella
34,Men’s Scarf
35,Men’s Sunglasses
36,Men’s Glasses
37,Men’s Boots
38,Men’s Wallet
39,Men’s Handbag
40,Men’s Watch
41,Women’s Wedding dress
42,Women’s Sweater
43,Women’s T-shirt
44,Women’s Sheath dress
45,Women’s Dress
46,Women’s Gym clothes
47,Women’s Bra
48,Women’s Tank top
49,Women’s Shorts
50,Women’s Hoodie
51,Women’s Jeans
52,Women’s Long coat
53,Women’s Uniform
54,Women’s Coat
55,Women’s Dress pants
56,Women’s Swimsuit
57,Women’s Long-sleeve top
58,Women’s Skirt
59,Women’s Thong
60,Women’s Hat
61,Women’s Necklace
62,Women’s Ring
63,Women’s Earrings
64,Women’s Perfume
65,Women’s Mittens
66,Women’s Sunglasses
67,Women’s Handbag
68,Women’s Bracelet
69,Women’s Purse
70,Women’s Watch
71,Women’s Umbrella
72,Women’s Scarf
73,Women’s Slip
74,Women’s High-heeled shoes
75,Women’s Flip-flops
76,Women’s Boots
77,Women’s Stockings
78,Women’s Jacket
