1,ADAM
2,ADAMS
3,ADAMSON
4,AITKEN
5,ALEXANDER
6,ALLAN
7,ALLISON
8,ANDERSON
9,ANGUS
10,ARMSTRONG
11,BAILLIE
12,BAIN
13,BAIRD
14,BARCLAY
15,BARR
16,BAXTER
17,BEATON
18,BEATTIE
19,BELL
20,BEVERIDGE
21,BLACK
22,BLAIR
23,BOYD
24,BOYLE
25,BRODIE
26,BROWN
27,BRUCE
28,BRYCE
29,BUCHAN
30,BUCHANAN
31,BURNETT
32,BURNS
33,BYRNE
34,CAIRNS
35,CALDER
36,CALDWELL
37,CAMERON
38,CAMPBELL
39,CARMICHAEL
40,CHALMERS
41,CHISHOLM
42,CHRISTIE
43,CLARK
44,COCHRANE
45,COLLINS
46,COOK
47,COOPER
48,COUTTS
49,COWAN
50,COWIE
51,CRAIG
52,CRAWFORD
53,CRUICKSHANK
54,CUMMING
55,CUNNINGHAM
56,CURRIE
57,DAVIDSON
58,DAVIES
59,DAVIS
60,DAWSON
61,DEWAR
62,DICK
63,DICKSON
64,DOCHERTY
65,DONALD
66,DONALDSON
67,DOUGLAS
68,DOW
69,DOWNIE
70,DRUMMOND
71,DUFF
72,DUFFY
73,DUNCAN
74,DUNLOP
75,DUNN
76,EDGAR
77,ELLIOT
78,EVANS
79,FALCONER
80,FERGUSON
81,FINDLAY
82,FINLAYSON
83,FISHER
84,FLEMING
85,FORBES
86,FORREST
87,FORSYTH
88,FRASER
89,FULTON
90,FYFE
91,GAGNON
92,GALLACHER
93,GALLOWAY
94,GARCIA
95,GARDINER
96,GARDNER
97,GEDDES
98,GELBERO
99,GIBB
100,GIBSON
101,GILCHRIST
102,GILLESPIE
103,GILLIES
104,GILMOUR
105,GORDON
106,GRAHAM
107,GRANT
108,GRAY
109,GREEN
110,GREIG
111,GRIEVE
112,GUNN
113,GUTHRIE
114,HALL
115,HAMILTON
116,HANNAH
117,HARDIE
118,HARPER
119,HARVEY
120,HAY
121,HENDERSON
122,HENDRY
123,HENRY
124,HILL
125,HOGG
126,HOOD
127,HOUSTON
128,HOWIE
129,HUGHES
130,HUNTER
131,HUTCHISON
132,HUTTON
133,INGLIS
134,INNES
135,IRVINE
136,JACK
137,JACKSON
138,JAMIESON
139,JOHNSON
140,JOHNSTON
141,JOHNSTONE
142,JONES
143,KAY
144,KELLY
145,KENNEDY
146,KERR
147,KING
148,KIRK
149,KNOX
150,LAING
151,LAIRD
152,LAM
153,LAMB
154,LAMONT
155,LANG
156,LAW
157,LAWRIE
158,LAWSON
159,LEE
160,LEITCH
161,LESLIE
162,LI
163,LI
164,LINDSAY
165,LITTLE
166,LIVINGSTONE
167,LOGAN
168,LOVE
169,LOW
170,MACDONALD
171,MACFARLANE
172,MACKAY
173,MACKENZIE
174,MACKIE
175,MACLEAN
176,MACLEOD
177,MACPHERSON
178,MACRAE
179,MARTIN
180,MILLER
181,MORTON
182,MUIR
183,MUNRO
184,MURDOCH
185,MURPHY
186,MURRAY
187,NEIL
188,NEILSON
189,NELSON
190,NICHOLSON
191,NICOL
192,NICOLL
193,NICOLSON
194,NISBET
195,NOBLE
196,O'BRIEN
197,O'CONNOR
198,O'KELLY
199,O'NEILL
200,O'RYAN
201,O'SULLIVAN
202,ORR
203,PARK
204,PATERSON
205,PATON
206,PATTERSON
207,PETRIE
208,POLLOCK
209,RAE
210,RAMSAY
211,RANKIN
212,REID
213,RENNIE
214,RICHARDSON
215,ROBB
216,RITCHIE
217,ROBERTS
218,ROBERTSON
219,RODGER
220,RODRIGUEZ
221,ROSS
222,ROY
223,RUSSELL
224,RUTHERFORD
225,SCOTT
226,SHARP
227,SHAW
228,SHEARER
229,SHEPHERD
230,SIM
231,SIMPSON
232,SINCLAIR
233,SINGH
234,SMART
235,SMITH
236,SNEDDON
237,SPENCE
238,STEEL
239,STEPHEN
240,STEVENSON
241,STEWART
242,STIRLING
243,STRACHAN
244,STUART
245,SUTHERLAND
246,SWAN
247,TAIT
248,TAYLOR
249,THOMAS
250,THOMPSON
251,THOMSON
252,TODD
253,TREMBLAY
254,TURNBULL
255,TURNER
256,URQUHART
257,WALKER
258,WALLACE
259,WALSH
260,WANG
261,WARD
262,WATSON
263,WATT
264,WEBSTER
265,WEIR
266,WELSH
267,WHITE
268,WHYTE
269,WILKIE
270,WILLIAMS
271,WILLIAMSON
272,WILSON
273,WOOD
274,WRIGHT
275,WYLIE
276,YOUNG
