1,ABIGAIL
2,ALEXANDER
3,AMELIA
4,AVA
5,BARBARA
6,BETHANY
7,CALLUM
8,CHARLES
9,CHARLIE
10,CHARLOTTE
11,CONNOR
12,DAMIAN
13,DANIEL
14,DAVID
15,ELIZABETH
16,EMILY
17,EMMA
18,ETHAN
19,GEORGE
20,HARRY
21,ISABELLA
22,ISLA
23,JACK
24,JACOB
25,JAKE
26,JAMES
27,JENNIFER
28,JESSICA
29,JOANNE
30,JOE
31,JOHN
32,JOSEPH
33,KYLE
34,LAUREN
35,LIAM
36,LILY
37,LINDA
38,MADISON
39,MARGARET
40,MARY
41,MASON
42,MEGAN
43,MIA
44,MICHAEL
45,MICHELLE
46,NOAH
47,OLIVER
48,OLIVIA
49,OSCAR
50,PATRICIA
51,POPPY
52,REECE
53,RHYS
54,RICHARD
55,ROBERT
56,SAMANTHA
57,SARAH
58,SOPHIA
59,SOPHIE
60,SUSAN
61,THOMAS
62,TRACY
63,VICTORIA
64,WILLIAM
